clean_text,true_department,predicted_department
chase bank refuse reopen investigation account closed due fraudalant activity police report gave told made xxxx arrest incident yet chase wont even bother change issue called thru relay report card missing either misunderstand operator banker make claim still card isnt true even banker talk said would send new card settled ready possibly take chase court lawsuit situation happened losing xxxx son hospital day died went file police report lost son home school bank one month devastated trying deal bank numerous time solve issue besides losing son xxxx kid caring please help take court suffering cause effect life,CASA,Credit Cards
number problem scottrade bank account fund taking way long transfer receiving debit card check week brought branch manager said issue dealt via xxxx xxxx well called xxxx xxxx expected transferred several time told wait day response nothing point asked scottrade bank provide copy arbitration agreement account scottrade bank refused continues refuse,CASA,CASA
victim identity theft signed xxxx credit alert found following inquiry made made authorized inquiry bank abc made xxxxxx,Credit Reports,Credit Reports
xxxxxx app show direct deposit fund transfer dollar never filed money sent bank abc found account ending xxxx bank abc sent letter saying resolved letter monthly satement nothing telling money,Credit Cards,CASA
date liquidated xxxx xxxx reported ditechgreentree xxxx report reporting xxxx complained ftc,Loans,Remittance
xxxx arranged individual perform landscaping service yard knew name xxxx used business name xxxx xxxx xxxx xxxxxxxx paid service cash xxxx transfer bank abc b credit card service completed payment full made end xxxxxxxx xxxxxxxx five charge made credit card xxxx xxxx xxxx xxxx authorized contacted xxxx xxxx text regarding charge said banking information hacked denied making xxxx charge verified final payment around xxxx contacted b xxxxxxxx regarding xxxx charge initially reversed charged account b stated business responded charge valid still owed money contacted xxxx denied ever receiving contact b investigation sent copy response b received xxxx stated merchant name logo used denied making charge xxxx account information compromised disputed charge xxxxxxxx xx xxxxxxxx xx xxxxxxxx xx xxxxxxxx xx december xx xx total attach screenshots text message xxxx note page xxxx denies contacted b investigation page xxxx confirms final transaction around xxxx xxxx xxxx repeat charge,Credit Cards,Credit Cards
mortgage provider xxxx loan care wwwmyloancarecom reported delinquent early xxxx violation rule give grace period acquisition called spoke representative said would reported credit agency seeking loan xxxxxxxx told reported credit bureau delinquent urgently needed loan rejected unable get loan care remove delinquency loan number loan number xxxx,Mortgage,Mortgage
xxxxxx fraudulent check deposited account using stolen atm card xxxx part scheme withdraw cash account filed separate fraud claim withdrawal resulted temporary false surplus xxxx account fraudulent check discovered account debited xxxxxx xxxx xxxx bringing back neutral noted statement debit adjustment letter sent xxxxxx another xxxx debited account related fraudulent check part return item chargeback line item calling fraud service multiple time many week related incident claim denied without significant explanation,CASA,CASA
xxxxxxxx bank abc atm located xxxx xxxx xxxx xxxx xxxx xxxx made deposit sum atm side back atm took money count xxxx xxxx bill atm shut left stand deposit slip never credited account atm took money never left atm call bank abc told problem atm never reply back try call claim sum never got anything money back day year term dollar pay back live never financially ruined care situation every time call give runaround tried get access account bank card number file claim denied access left money also note credit account back two day took money back left xxxx dollar account dont put hard earned money bank xxxx happen put money else xxxx xxxx xxxx xxxx xxxx xxxx xxxx sent message received consumer financial protection bureau xxxxxxxx xxxxxxxx xxxx xxxxxxxx ive carefully reviewed correspondence want let know response record show previously maintained regular saving ending xxxx xxxxxxxx contacted bank abc file claim atm cash deposit deposited account ending xxxx stated deposited atm xxxxxxxx post account response claim number xxxx initiated investigate matter completed review claim number xxxx xxxxxxxx claim denied unable find atm activity disputed transaction correspondence sent inform outcome claim xxxxxxxx contacted bank abc file claim atm cash deposit deposited account ending xxxx stated deposited atm xxxxxxxx post account response claim number xxxx initiated investigate matter completed review claim number xxxx xxxxxxxx claim denied unable find atm activity disputed transaction correspondence sent inform outcome claim xxxxxxxx contacted bank abc file claim atm cash deposit deposited account ending xxxx stated deposited atm xxxxxxxx post account response claim number xxxx initiated investigate matter completed review claim number xxxx xxxxxxxx claim denied unable find atm activity disputed transaction correspondence sent inform outcome claim send statement accompanying item otherwise make available sixty day review statement item report problem unable find claim filed transaction prior claim mentioned therefore transaction reported within required day reviewing statement check item one best way prevent wrongful use account detect possible error please review section xxxx xxxx xxxx xxxx xxxx xxxx xxxx xxxxxxxx disclosure publication agreement additional information agreement available client website bankofabccomdepositsresourcesdepositagreementsgo weve also included following document may find helpful claim correspondence here response based review determined bank error occurred handling claim uncovered evidence overturn prior decision bank continues decline request reimbursement help understand may result hoping hope clear reached decision client important u appreciate opportunity address concern there anything else need,CASA,Credit Cards
fraud detected bank abc account aware couldnt log back bank account without warning boa closed checking account sent remaining fund back via check every time apply open checking account another bank wont allow past history bank ive boa ive never committed fraud account im student absolutely need bank account,CASA,CASA
today xxxxxxxx around xxxxxxxx xxxx pdt charge appeared bank abc credit card xxxx xxxx ive hold bank abc minute answered also charge reverse xxxx xxxx xxxx report company fraud scam starting around xxxx,Credit Cards,Credit Cards
part state california employment development program received debit card issued bank abc used since xx winter xxxx sent notice california employee dont know currently working looking work include past employee due problem incurred pandemic economic stimulus individual applying payment valid documentation receive asked submit xxxx evidence selfemployment ensure qualified mid xxxx noticed series withdrawal debit card made started xxxx continued xxxxxxxx contacted bank quickly said cancel card issue new one could breach bank security directed fraud division file report representative able see account withdrawal occurred apparently authorized checked account authorization identified state california department economic development filed report xxxxxxxx received terse letter bank stating bank determined error occurred instance contacted xxxx talked representative lawyer declined identify told xxxx doesnt remove money individual account overpayment occurs xxxx sends letter stating depending letter form filed payment plan initiated recover fund also told bank abc involved number inappropriate action denying account holder access fund seizing fund bank subject number lawsuit including xxxx class action suit xxxx stated delivered fund available appropriate account state responsible handling fund bank asked could retrieve xxxx money lawyer felt could advise pursue greater information bank talk individual senior talked representative said understood xxxx xxxx looking concerned bank behavior found online research bank trying vacate contract xxxx xxxx permit contract broken bank refuse acknowledge role reason removal money debit account keep changing indicating bank looking excuse stick first authorized transaction asked know another letter arrived stating posting error occurred state made withdrawal money deposited weak firewall bank web site theft allowed persist month awareness bank account hack correctly caught fund returned didnt alert bank intrusion cause response even guard account change password hacking identify theft occurred bank web site email communicate bank email however bank sometimes notify modification account email xxxx way dont use online banking look bank record page concerning activity account question see thing use xxxx account paying mortgage money come intermittently federal government take card driver license bank pay mortgage account thats ive used last xxxx year state california feel bank trying avoid responsibility xxxx police feel bank know identity receiving bank account instead pursuing clearly fraud gave excuse intimated havent problem account since got recently indicating aberration standard practice state indicated bank thousand claim lawsuit class action identified xxxx xxxx xxxx xxxx xxxx bank xxxx dollar active management insurance protect sort event,Credit Cards,Mortgage
xxxxxxxx husband went bank abc deposited check amount teller told hold check available business day waiting day see activity account began worry husband called customer service line friday xxxxxxxx told record check amount ever deposited transferred claim department filed claim transferred back supervisor told go bank bring receipt deposit stub check speak branch manager went bank next day xxxxxxxx spoke assistant manager xxxx xxxx tried locate missing check unsuccessful told u know happened check told contact institution gave check ask fund cleared account also said would matter resolved monday xxxxxxxx yet hear,CASA,CASA
similar complaint xxxx xxxx bank abc fixed system thing happening checking account mortgage bank abc also use electronic bill pay system unless pay mortgage exact due date payment system process exact mortgage amount principal payment spend minimum xxxx minute im lucky hour better every time pay mortgage beyond frustrating huge waste time additionally mess tax payment arent correct time absolutely way tell happening mortgage back thing system new complaint bank abc fixed last issue xxxxxxxx started happen xxxx wait receive ebill pay system payment following processed incorrectly mortgage due date xxxxxxxx paid xxxxxxxx misapplied principle additional mortgage due date xxxxxxxx paid xxxxxxxx working field would assume bug program causing compensated wasting time every month isnt like im paying mortgage month advance need fix mortgage payment system,Mortgage,Mortgage
accordance fair credit reporting act xxxx account xxxx violated right xx usc xx section state right privacy xx usc xx section section also state consumer reporting agency furnish account without written instruction xx usc xxb creditor may treat payment credit card account open end consumer credit plan late purpose,Credit Reports,CASA
ditech financial paid someone else real estate tax escrow account back xxxx xxxx caught mistake xxxx xxxx xxxx spoken representative ditech multiple occasion well sent letter outlining happened requesting monies returned escrow account ditech error caused escrow account deficient monthly mortgage payment increased make deficiency last call ditech xxxxxxxxxxxx told leave voicemail message supervisor xxxx xxxx outlining reason call assured would call back still received call back credit escrow account even numerous demand ditech technician talked xxxx xxxx xxxx advised per note account scheduled xxxx xxxx resolved would month error month first demand want money put back escrow account ditech pursue whatever remedy person trying collect money pay error,Mortgage,Mortgage
credit card opened name fraudulently called bank abc check account cancel card transferred placed hold multiple time time connected transferred told contacting wrong department,Credit Cards,Credit Cards
xxxx received text message asking attempted transfer xxxx dollar bank abc boa checking account xxxx received notification boa prevented fraudulent activity past responded message received additional text stating representative boa would contacting shortly moment later received phone call caller id said boa saved phone individual immediately told boa xxxx xxxx also told bank account compromised xxxx transfer spoken suspended said xxxx transaction attempted behalf suspended due amount however transaction still going processed end day fully believed account compromised earlier year fraudulent activity debit card credit card believed telling true individual stated needed transfer money dummy xxxx account prevent fund lost began question legitimacy continued assure worked boa fund going lost didnt act quickly proceeded tell boa xxxx xxxx xxxx xxxx going return fund established new account started panic man speaking could tell want lose xxxx dollar wife unemployed time couldnt risk detrimental loss worried u meeting financial obligation didnt want u lose everything worked hard man talking kept reassuring legitimacy helped xxxx transaction process clue completed transfer person talking hung immediately came realization scam tricked xxxx dollar prior date knowledge xxxx worked transfer scam existed induced sending money total stranger immediately called boa fraud line told scammed xxxx claim opened investigation started told could take day completed recently received decision mail boa boa stated unable approve claim error occurred end boa wrote victimization legitimate transfer even though told scammed xxxx dollar boa also unsuccessful retrieving fund xxxx boa response scripted believe made little effort act behalf bank went far telling reach xxxx dont want cause damage financial stability intention reaching person dont know person even exist thing know individual affiliated transfer scam ring dont understand boa unable reimburse financial loss protected electronic fund transfer act regulation e clearly induced sending money taken advantage due ignorance toward xxxx prior knowledge xxxx worked scam would never responded text first place bank ignored one xxxx transfer account history red flag dont understand boa know xxxx scam major issue left unchecked whole experience left bad taste mouth probably never go away sadden many people like scammed thousand dollar xxxx also dont understand major bank continue provide xxxx offer immediate protection scam occurs hoping complaint taken seriously point want unscripted answer could leave whole situation past move miracle get money back would grateful make attempt provide additional information maybe required also want mention filed complaint xxxx havent received response back thank time,CASA,Credit Cards
lot corruption organized crime abc happened think gov already know happened gov xxxx lame day,Credit Reports,Remittance
victim identity theft due corona virus pandemic facing sitting still home saw recent news multiple xxxx data breach decided look credit report major credit bureau found someone used identity idea theft took place also knowledge suspect receive money good service result identity theft contacted credit bureau told file identity theft report appreciate effort getting matter resolved thank please let know need information block information credit report thank,Credit Reports,Credit Reports
scammer utilized xxxx impersonate exhusband scammer utilized xxxx empty two saving account new fraudulent account exhusbands name bank done nothing assist recovering saving investigation insufficient investigation attempt contact exhusband whose name used open fraudulent account follow money transfer see lead bank abc care helping customer proof fraud still claim denied two police report concerning identity theft wire fraud theft,CASA,CASA
bank abc card opened information notified xxxx xxxx apply card notified verified wrong address applied account card locked fund utilized account,Credit Cards,Credit Cards
someone applied xxxxxxxxxxxx xxxx xxxx bank abc bank abc pulled credit report apply card people social security number date birth full name home address contacted bank abc denied application filed fraud alert credit report agency also wanted file complete ftc,Credit Cards,Credit Reports
equifax reporting item file belong someone opened citi card name charged well went get medical care sent identity theft report well police report say verified without sending contract anything signature also reporting judgement belong told item belong equifax continues ignore,Credit Reports,Credit Cards
student loan xxxx around xxxxxxxxxxxxxxxx car accident able pay eventually went back work filed tax return irs deducted balance owed student load ta return paid full debt still given portfolio recovery trying collect debt satisfied well exceeding statue limitation xxxx xxxx whee currently reside never payment sent reset debt collection process asked stop explained paid refused hear side insists give credit card number make payment,Loans,Loans
boa card stolen unknown people already call xxxx xxxx told also steal passport personal information cam keep getting unknown message report stolen card replace new one message xxxx xxxx tg aor http xxxx f ddt ak tho xxxx xxxx xxxx xxxx xxxx xxxx urgent message card placed hold due suspicious activity reactivate xxxx debit card please visit http xxxx xxxx xxxx xxxx xxxx xxxx two meessage came,Loans,Credit Cards
corresponding back forth bank abc since xxxxxx auto loan fraudulently obtained name disputed account numerous time credit bureau time bank abc responds account verfied requested bank abc send method verification validation debt refused send certfied mail return receipt correspondence bank abc fraudulent account never resolvedunder fcra law bank abc follow procedure concerning fraudulent account include providing consumer proof debt validation debt method used verify debtbank abc supposed cease reporting debt reported fraudulent instead bank abc kept reporting debt charged credit reporton xxxxxx bank abc removed account fraudulent debt never resolvedi demanding bank abc put back account remove negative reporting credit report bank abc proven valid debt day thatunder fcra proven debt valid report collect said debt,Loans,Loans
car loan go financial service making payment car loan well staying communication regarding late payment xxxxxxxx made payment xx normal car payment effort help get caught past due payment due financial difficulty unfortunately missed xxxx xxxx payment called office xxxxxxxx told account charged receive correspondence communication kind prior stating account process charged receive charge date representative management spoke female explained calling make payment car loan stated account charged would pull car charge phase keep car repossessed quit disturbing idea account status told nt xxxx xxxx could pay today asked way could work get remaining balance paid stated make payment would nt take charge status keep repossessed repossess notice sent could confirm one suggested see could come addition give call back today wife called spoke xxxx ext xxxx today another manager department confirmed call yesterday stated would pay xxxx bring account charge department stop repossession request also stated would place account back repayment plan would grace period repayment miss xxxx payment would reinstate repossession car asked way able pay fee today could work take care rest said disheartening never received correspondence relating charge pending loan called day car charged according xxxx car loan charged friday xxxxxxxx shared concern xxxx asked supervisor could speak might able help said young lady spoke yesterday xxxx individual managing department one else disappointing grace work individual trying present option take care fee requesting stated understand policy go asked information stated would contact back,Loans,Loans
currently repaying student loan american education service xxxx unemployed living california currently unable afford housing receive food stamp state proof income looking work found desperate need assistance private student loan placed forebearance find work student loan payment xxxx paid xxxx due week aes nearly xxxx dollar receive unemployment benefit one month,Loans,Loans
called xxxx xxxx told account reporting credit file match address identifying information yet targettd still reporting credit file address xxxx xxxx xxxx xxxx k xxxx victim identity theft many year ago submitted yet another police report,Loans,Credit Reports
received letter mail bank abc xxxx az xxxx stating attempted open account xxxx az unable get fund transferred live xxxx tx unaware type activity activity conducted xxxxxx letter tell contact xxxx xxxx xxxx xxxx xxxx xxxx xxxx xxxx xxxx xxxx az xxxx xxxx xxxx xxxx contacted representative number xxxxxx approx xxxx representative stated consumer report handle report fraud informed representative attempt open account bank abc representative informed give information contact credit bureau bottom letter bank information bank xxxxenter name xxxx xxxx name sale fulfillment associate phone number xxxx contacted number representative answered stated rep bank abc informed open account bank abc xxxx az claimed notice fraud stopped transaction occurring gave number call report fraud xxxx xxxx xxxx stated xxxx need report,CASA,Credit Reports
back xxxx xxxx filed compliant ref mortage company slect portfolio servicing complaint filed thatnks able get modification suppose tart new payment xxxx xxxx according sent paper needed signature suppose fax mail paper back according paper sent calling se fax mail back explained rep day nt received paper rep informed send new paper soon received suppose fax mail back paper arrived day later told sign fax mailed couple dayslater received call told paper work received want know explained rep paper sign fax mail according received told rep made copy refax mail cpies stated arrive late see done since xxxx day later nt think would problem let knowi waited couple day received call letting know nothing could done wanted could send new set paper could start scrath see happens couple week ago received letter court stating home foreclosure date xxxx received paper work completed mail express mail received call inform received paper submit hold forclosure paper reviewed submit hold take responsibility paper later due fact sent late going case xxxxplease let know done see fitthank xxxx bless,Mortgage,Mortgage
xxxxxx bk abc disputed account,Credit Reports,CASA
hi submitted complaint awhile back used different email unable access account review status complaint xxxx requesting result emailed new email xxxx thank xxxx xxxx,CASA,Remittance
xxxx xxxx xxxx xxxx xxxx xxxx bank abc account identity stolen could get two form id xxxx held money order claim would refund well today refund given need money,Remittance,CASA
xxxxxxxxon xxxxxxxx went nearby bank abc atm atm id xxxx serial number xxxx make cash payment credit card put credit card chose make payment option chose cash payment atm asked put put cash amount atm machine start counting soon counting finished atm show transaction cancelled gave around xx cash return receipt atm provided see reported transation account statement missing approx atm machine ate contacted bank abc date xxxx xxxxxx complained bank agent told wait day issue resolved waiting day contacted told wait month expected bank,Credit Cards,Credit Cards
xxxxxx someone used information fraudulently opened bank abc credit card name week later received notice new activity credit report thats discovered identity theft called bank abc spoke fraud department said would close account send form fill request copy fraudulent application submitted name filled form different time sent via u mail via fax time via mail time via fax required document copy id social security card id theft report send copy application entitled today received letter saying considering matter closed havent received identity theft victim request form untrue ive sent three time want copy fraudulent application believe know stole identity bank abc case number xxxx,Credit Cards,Credit Cards
regarding bank abc boa still show day late payment xxxxxxxx payment made via phone via auto bank account withdrawal personally called boa via xxxx xxxx made payment via phone every time credit card since xxxx made every single payment time year requested phone xxxx xxxxxxxx record year ago clearly show xxxx xxxx called timely payment go impossible believe computer error occurred made timely payment year late payment negative mark credit sent boa phone record even called multi time vain instead asking courteously providing back evidence ask year nephew post xxxx experience boa really treat customer let million person truly know treat hard working honest citizen,Credit Reports,Credit Cards
xxxxxx someone requested credit card bank abc name granted xx credit limit card bank bank abc request credit cardline credit think part identity theftfraud opened checking account different bank opened name well made contact bank closefreeze account,Credit Cards,Credit Cards
asked yr provided documentation fifth third bank credit card show credit report valid put dispute credit bureau none xxxx change line sign applicaiton joint credit card wife name never card aware card asked xxxx multiple time provide signed application giving authority use credit list owner failed provide signed app remove credit report,Credit Cards,Credit Cards
xxxxxxxx xxxxxxxx personal account compromised bank abc xxxx withdrawn different bofa atm withdrawal xxxx withdrawal xxxx bofa atm xxxxxxxx xxxx withdrawal xxxx bofa atm xxxxxxxx xxxx withdrawal xxxx bofa atm xxxxxxxx xxxx purchase xxxx xxxx made via virtual card xxxxxxxx xxxx withdrawal xxxx xxxx bofa atm xxxxxxxx xxxx withdrawal xxxx xxxx bofa atm xxxxxxxx xxxx xxxxxxxx found fraudulent xxxx xxxxxxxx reimbursed already xxxx xxxx ride taken xxxx xxxx xxxxxxxx bed witness time xxxx xxxx xxxxxxxx called fraud line bofa xxxx xxxx xxxxxxxx canceled card received new one reimbursed charge initially company xxxx xxxx completed investigation found xxxx ride fraudulent bofa gave temporary reimbursement xxxx reversed xxxxxxxx receive email call notice last night logged online banking center verbiage rejection provided reason evidence made transaction xxxx unfortunately unable approve recent claim research included information provided claim account history monthly account statement sent available information merchant signed receipt contract made decision charge authorized someone permission use card account used document resolve claim weve included letter additional information support claim request send u next business day may reopen whats next credit xxxx applied account removed xxxxxxxx along credit fee related claim youll see adjustment monthly statement update claim youd like copy document used make decision please call u xxxx monday friday xxxx xxxx xxxx xxxx xxxx please claim number call thank patience review took following action filed police report xxxx filed complaint fbi filed complaint cfpb filed complaint washington ag filed complaint occ sent email dfi wa sent attached letter bofa fraud using fax number gave morning included backup document sent info bofa multiple time received completed copy police report filed including witness info attest fraudulence transaction instance bed time lyft ride charged pursuing legal action speaking xxxx moment well want point bofa customer xx year currently make xxxx every week record fraud theft idea would risk prison xxxx absurd,CASA,Credit Cards
xxxx need loan move television radio inandated advertisement loanmart xxxx called offered title loan specific xxxx toyota camry payment remains staggering per month also exhusband bounced check xxxx xxxx prevented making payment called extension repossessed car payment charged almost get car back car possession auctioneer xxxx retrieved car paying monthly two year principle balance payoff remains xxxx less original loan guideline regulate loan industry permitted rude abusive lend money like xxxx loan shark,Loans,Loans
bank abc agreed remove false information account proof please delete,Credit Reports,CASA
refer case number xxxx charge xxxx xxxx bank abc account number ending xxxx xxxxxx bank abc informed reversed previously issued credit charge explanation stating unable dispute merchandise signed picked person furthermore state without credit slip unable assist contact detail provided contact bank abc writing respond case cfpb able bring message someone bank abc assist supporting attachment team provided someone signature recognized signed name seem match name signature slip provided finally alleged delivery address home address received good merchant signed good merchant unable reach anyone merchant credit slip merchant regardless charged something received please issue credit account finish chargeback thank,Credit Cards,Credit Cards
found bofa refund check amount xxxx dated xxxxxx xxxx xxxx xxxx receive also found second notice bofa call reissue check went several boa location michigan maryland get reissue check still kept telling responsible reissuing check even xxxx xxxx told responsibility bof told check unclaimed property found nothing state lived b headquarters located finally received number bofa corporate banker xxxx xxxx xxxx xxxx called respond point know reported unclaimed required law fund return money fund stolen,Remittance,Remittance
bought newly constructed home lender stated xxxx xxxx title insurance sufficient need wanted clear title without exception seller complied oregon homeowner protection act hpa providing xxxx title maintaining bond around mechanic lien however title company insisted buy xxxx insurance order provide lender title without mechanic lien exception ended costing compared xxxx said whether seller maintains bond immaterial need pay extra premium remove exception get lender clear title felt unfair seller already derisked buyerlender risk mechanic lien complying hpa title company bore xxxx risk collecting additional premium seller selected title company close time agreed paying extra premium felt strongarmed feel unfair best illegal worst pay extra title company cover nonexistent risk,Mortgage,Loans
unverified account indicated continue report credit report despite several written request violation federal law dated previous letter sent credit bureau xxxxxxxx never received response section require account authenticated take legal action validate account please follow law situation settled updated quickly bk abc xxxx date opened xxxxxxxx balance,Credit Reports,Credit Reports
recently tried wire fund local bank son account bank abc obtained proper routing number fro wire transfer son bank account number used two digit state code followed rest account number required whenever deposit fund deposit slip account done numerous time several hour wire transfer rejected bank abc kept fund saying unable apply clarify credit account number fee deducted learning use account number without two digit state code local bank deleted two digit code keeping number information transfer went son account since couldnt get boa phone went local branch manager could offer explanation confirmed need two digit code depositing fund deposit slip contacted someone wire transfer office boa waiting xx minute told fee rejection maybe local bank would cover way local bank told never seen charge certainly dont think local bank cover fee wasnt fault customer boa cant find authorization charge fee rejecting wire transfer,Remittance,Remittance
received email offer bank abcxxxx credit card offering xx credit statement xxxx bonus point spending first day spent first month clicked apply button received credit card point however bank abc steadfastly refused give xx statement credit past month calling xxxx bank abc given case number time result took copy offer email bank told going honor offer refuse xx credit statement since xxxx year old believe think go away ignore thank assistance,Credit Cards,Credit Cards
overdraft line bank abc rarely use used line late xxxxxxxx used xxxx login bank abc website everyday see balance make sure everything okay xxxxxxxx received credit alert credit monitoring service score dropped xxxx xxxx overnight due late payment reported bank abc credit line look like expected payment xxxxxxxx acknowledge paid xxxx another xxxx xxxxxxxx called bank made complaint asked reverse late status reported credit bureau sent letter dated xxxxxxxx investigated correct late remove late status account consider action unfair unlawful egrigious credit score dropped xxxx point overnight due erroneous reporting want late status removed credit report,Loans,Credit Reports
scammed xxxx xxxx last night sent money person email sworn multiple time itll sent back deposit fee security purpose well person kept making stuff adding charge went sending xxxx like originally agreed sending xxxx lady refused send money back unless keep sending scam please help need xxxx back lot bill xxxx xxxx xxxx,CASA,Remittance
xxxx xxxx loan xxxx xxxx husband became ill suffering xxxx xxxx called xxxx xxxx inquire lowering interest rate pick payment loan interest kept increasing never helped also xxxx xxxx xxxx current loan husband war veteran xxxx never offered fix loan give u break pick payment loan xxxx xxxx xxxx xxxx xxxx returned equity line check immediately thereafter filed nod always current sent back check perplexing set sale date struggled hire various lawyer help nothing really worked file got transferred well fargo would accept husband income time alive accept daughter income life contributes xxxx well renter feel well fargo setting fail want keep equity violating homeowner bill right refusing take account income discriminating age xxxx seems like want kick lived house many year treating like animal big company allowed abuse xxxx citizen able pay mortgage need loan fixed fixed interest rate pray help daughter thank god bless,Mortgage,Loans
hounded xxxx xxxx xxxx revoked permission supply xxxx supply xxxx received collection notice xxxx xxxx xxxx xxxx xxxx xxxx xxxx shipment supply never received debt verification statement contained information violating hipaa right follow letter xxxx xxxx xxxx contained demand proper verification xxxx respond since unable verify receipt item received collection notice tristate adjustment xxxx wi item supposedly sent xxxxxxxxxxxx responded tristate advising xxxx attempted collection included copy letter xxxx stating proper verification would received back bare statement xxxx xxxx xxxx information item sent proof receipt item statement xxxx xxxx xxxx show shipment xxxxxxxxxxxx address moved xxxxxxxxxxxx xxxx xxxx tristate harassing item received item xxxx advised longer provide item sent incorrect address item received xxxx xxxx xxxx even provide shipping detail receipt delivery item sent via uninsured via non trackable mean failure deliver make responsible cost item properly sent perhaps would advised longer lived address item sent addition debt reported cra prior notice provided,Loans,Remittance
complaint xxxx mentioned bank abc closed account deposited check issued another bank abc branch reported xxxx xxxx check completely valid trivial boa verify issued letter describing closed account claimed mail check amount account balance never received almost year ago since trying get money back using online banking phone banking finally xxxx branch xxxx went boa branch time get money back avail able get money back almost year finally filed complaint fdic forwarded complaint cfpb today got call bank abc representative asking filed complaint cfpb threatening tone please help issue thank,CASA,CASA
banking bank america xxxx year issue recently several year ago enticed signing preferred debit card explained card could used credit debit would use card purchase item store would swipe credit card enter pin say equipped use debit thought credit card bank part xxxx card xxxxxxxx xxxx xxxx xxxx subsidiary xxxx charging card ending xxxx bank automatically direct debit account reviewed statement saw direct debit payable fia card service thought amount charged card store could debit since anticipate charge card question bank trusted nt recall authorizing bank america debit debit account amount credit card ending xxxx nt understand happened discovered scam debit card xxxxxxxx went branch bank america corner xxxx xxxx xxxx cancelled debit card asked manager xxxx payoff amount pay outstanding amount debit card manager told separate card xxxx charging month since xxxxxxxx could believe immediately called xxxx bank fraud department everyone help straighten xxxx xxxx xxxx xxxx xxxx returned xxxx charged account approximately xxxx outstanding spoke many manager customer service representative bank say help fraud department said fraud must concert xxxx xxxx requested account charge item purchased amount bank say outstanding card ending xxxx date bank provided last person spoke branch bank xxxx said bank america credit card division separate entity help even though someone branch bank signed card ending xxxx nt understand going please bank go xxxx whatever claim owed keep harassing payment federal consumer protection agency ftc said ftc settlement claim xxxx bank america yet bank america refuse give form federal consumer protection agency instructed get,Credit Cards,Credit Cards
xxxx xxxx xxxx reported wrong credit bureau regarding payment xxxx xxxx xxxx xxxx well credit bureau inaccurately messed credit record xxxx time correct statement attached show payment made time,Credit Reports,Credit Reports
received email someone named xxxx email xxxx xxxx saying needed upgrade xxxx account business account needed continue making transaction received detailed instruction telling transfer xxxx ill get refund xxxx account claimed updatedhaving transferred money found friend common scam never received xxxx back sent would kindly request cfpb team look transaction ive told common scam xxxx country xxxx xxxx hold lot value feel extremely disappointed hurt someone would appreciate help could receive end please let know need provide solve issue let make sure make enough awareness vulnerable person deal,Remittance,Remittance
became aware fraudulent card opened name bank abc form xxxx xxxx xxxx received credit card statement mail bank abc believed false statement upon reviewing account credit history learned statement factual fraudulent card opened speaking representative bank abc learned account opened xxxxxx xxxx department bank abc stated would closing account would receiving fraud statement within day must signed returned within day,Credit Cards,Credit Cards
make none hard inquiry,Credit Reports,Remittance
company background check committed serious error placing report information belong information adversely affecting personally professionally clean record problem whatsoever therefore asking help find serious error made resolve problem soon possible since harming present future prospect example xxxx company xxxx rejected application based error similar case regarding xxxx filed claim case number xxxx,Credit Reports,CASA
xxxx applied making home affordable program hamp w xxxx xxxx xxxx lender told reapply prior xxxx yr interest loan reset prepare financial hardship upcoming xxxx xxxx barely squeezing began process xxxx xxxx evaluated temporary program denied st mortgage gt income tried refinance xxxx lender bofa sold nd mortgage w xxxxwe refinanced xxxx xxxx w countrywide obtained toxic unsustainable loan st mortgage xxxx nd mortgage still interest xxxx contacted doj asked question settlement told consumer xxxx loan granted offering struggling homeowner shuffling money around make end meet still significantly underwaterwe bought house xxxx life happens declared chapterxxxx bankruptcy xxxx xxxx remained current st mortgage xxxx xxxx defaulted nd mortgage mp program right u saving grace live home necessary repair needed xx year complaint denied hamp xxxx granted appeal valid dispute npv negative result making home affordable recalculated number dispute told good news got npv positive income borderline much money month went thinking going help u crm nt call like said would time went said document expired need send third round rma form financial documentation yesterday received denial letter feel like bofa strung along home price could go would like know department treasury saw recalculated npv happened trove hardship letter sent nt department treasury see recalculation mha appeal team know case escalated reescalated name copy everything sent turning point whole distressing crm told wasting time applying remember xxxx way going get thing death divorce xxxx appeal valuation house high self employment income high default second mortgage first want keep home second mortgage company told first mortgage company something anything want know string people along month saying help say still review underwriting kept dark month document needed took month crm say credit union document would like know someone oversees hardship letter countless phone call said saidemotionally taken toll consulted bankruptcy attorney see possibly arrange second mortgage settlement offer anything hope bank find easier softer way making home affordable,Mortgage,Mortgage
xxxx xxxx sent xxxx bank abc saving account account number xxxx xxxx xxxx account account number xxxx thru xxxx registered number xxxx registered email xxxx day xxxx action complete posted received amount money xxxx xxxx account sure something wrong happened transaction,Remittance,CASA
navient took student loan xxxxxxxx time spoke rep navient informed working part time struggling pay loan offered apply hardship deferment believed everything set started getting call xxxxxxxx saying owe loan mentioned deferment told never put deferment next thing know xxxx took loan delinquent status hindering purchasing home trying buy managed company called xxxx told make monthly payment month come credit report negative item pay loan full also come find loan collecting interest daily basis stuck loan hindering fulfilling dream purchasing first home,Loans,Loans
edd unemployment paid bank abc pre paid cardi received card able get xx pre paid card went xxxx xxxx month got card closed sopposedly due id verificationso called edd unemployment submitted document proving numerous time went thru id also received w form even claim tax even though boa money still even proving keep giving runaround edd tell open card give money claim dept edd say cant freeze debit card boa arent bank paid money qualified unemployment need prove gave state id gave birth certificate phone billi even passed id got stimulus immediately went id mewhom edd also us verify identity tell nothing idme lie year fighting money desperately need paid tax document edd bring paid received income tax stub claim tax dont money pay tax money never got give money edd told could never ever take money back meas fraud id verify complete numerous time law give money cant go boa bank peon show id get money wait legally money paid tax call police caused hardship stealing peoplexxxx xxxx logo carddont onhabebprotectin visa state longer use boa bank pay people theicery fraud activity use way xxxx thru another bank please help documentation need god bless please hurry xxxx xxxx xxxx xxxx xxxx xxxx xxxx xxxx xxxx xxxx xxxx xxxx xxxx xxxx xxxx xxxx xxxx xxxx xxxx xxxx xxxx xxxx xxxx xxxx xxxx xxxx xxxx xxxx xxxx xxxx xxxx xxxx xxxx xxxx xxxx xxxx xxxx xxxx xxxx xxxx xxxx xxxx xxxx xxxx xxxx xxxx xxxx xxxx xxxx xxxx xxxx xxxx xxxx xxxx xxxx xxxx xxxx xxxx xxxx xxxx xxxx xxxx xxxx xxxx xxxx xxxx xxxx xxxx xxxx xxxx xxxx xxxx xxxx xxxx xxxx xxxx xxxx xxxx xxxx xxxx xxxx xxxx xxxx xxxx xxxx xxxx xxxx xxxx xxxx xxxx xxxx xxxx xxxx xxxx xxxx xxxx xxxx xxxx xxxx xxxx xxxx xxxx xxxx xxxx xxxx xxxx xxxx xxxx xxxx xxxx xxxx xxxx xxxx xxxx xxxx xxxx xxxx,Credit Cards,Credit Cards
mortgage financed nationstar contacted company several time give attorney needed order close property called asking deed assignment told would receive email contacted several day still nothing finally contacted see nationstar would send told file would need contact dept document contacted asking begging document could close house nerve give another website visit obtain deed believe day several week still nationstar requested nightmare selling home paying mortgage great experience nationstar made difficult never business company please run walk company,Mortgage,Mortgage
collection company never contacted lived xxxx debt originally signed upon moving xxxx contacted xxxx repair credit seems xxxx purchased debt addition husband court summon settled refused take xxxx consideration agreeing amount refused accept monthly payment arrangement could afford company come u explained collection company attorney xxxx credit delinquency arose due xxxx year also expressed attorney contacted original creditor hospital via telephone arrange payment even offered medical documentation avail company unbending debt collection explained continue reporting credit year come also stated even though settle full upon agreed amount report irs difference know legal nt see fair xxxx contacted original creditor avoid issue care work xxxx xxxx collection company probably partner xxxx xxxx credit repair company timing coincidental changed address xxxx hiding nobody xxxx xxxx contacted year acquired debt precisely time xxxx xxxx became involved,Loans,Credit Reports
several occasion disputed account credit report disputed information credit reporting company collection agency asked proper validation get absolutely response impression company day date validation request received company never responds effectively ignores request validation regard account disputed amount address file company every instance never heard anything back company submit dispute credit reporting agency agency report debt verified belonging aware reporting agency us standardized system validating quick efficient response however way prof debt belonging amount anyway accurate want collection agency validate called debt outlined fair debt collection practice act required verify debt want debt removed collection agency question fair collection outsourcing address xxxx xxxx xxxx xxxx xxxx md xxxx,Credit Reports,Credit Reports
bank abc willfully misreports current correct address credit bureau xxxx xxxx xxxx xxxx xxxx ca xxxx bank abc willfully misreports balance credit card allows unauthorized charge charged credit card spite many warning xxxx remove unauthorized inquiry spite many warning,Credit Reports,Credit Cards
xxxxxx went bank abc wire money escrow domestically sent xxxx misspelled name recipient bank realtor called stating bank received fund day took one day max go back xxxx bank abc send another xxxx escrow case everything spelled correctly escrow bank received money min since tried multiple time call bank abc wire department cancel first wire little help give confirmation number email send proof cancelation two week money neither bank account received escrow need money urgently close escrow next month bank abc call representative help give timeframe money get refunded guarantee refund requested additional info recipient full legal name date birth bank account show xxxx term processing hold feel helpless getting back money escrow two week back account least situated escrow account thank help,Remittance,CASA
checking account bank abc preferred member friday xxxxxxxx received email balance low checked bank account found unauthorized transfer account unknown account called bank immediately asked stop shown processing time told money would back account evening next morning saw money wasnt back transaction cleared called morning saturday xxxxxxxx told form needed completed file complaint said would show within hour next morning sunday xxxxxxxx check form call bank said take hour weekend called monday morning form tell take hour money finally appeared back account tuesday xxxxxxxx however account locked nothing access online system calling try transfer money new account put hold long period time option call back called twice today put hold around min time annoying message playing constantly hang time work obligation find response bank unacceptable serious crime affecting ability pay bill etc taking seriously maddening contact anyone get access money extremely slow respond impression taking seriously much furthermore information bank regarding happened account compromised protect asked one call told anyone account number take money account believe true otherwise would happen often credit card fraud happens frequently never heard anything like happening tried contact bank many different way xxxx online help call get nothing would much appreciate response whether pursue action legally,CASA,Credit Cards
use credit card tp purchase airline travel hotel agency mess admitted wrong bank gave money back nt pursue money agency like told would stuck xxxx fee,CASA,Credit Cards
arrived home vacation credit card opened name card name sent home address originator card address north carolina xxxx xxxx xxxx xxxx xxxx nc xxxx contacted bank abc xxxxxx account closed recommended contact local authority file report ftcgov notify credit bureau make sure account closed removed account opened name,Credit Cards,Credit Cards
debt navient formerly xxxx making time payment four year often payment well amount due pay every single month another xx federal student loan xxxx make xxxx year barely get want reduce interest rate current interest rate actually gone made time payment almost like getting penalized responsible consumer like interest rate around like monthly payment less month called discus offered nothing relief reduction interest rate payment acknowledgment time payment overpayment feel though price gouging predatory lender responsible member financial community something must change,Loans,Loans
discovered today charged xxxx monthly service fee since xxxxxx without notification term account bank abc state keep minimum account would charged fee received notice change term requested fee reversal xx bank abc stated would refund xx requested escalation manager request denied manager notification change term fee reversed,CASA,CASA
home loan account bank abc boa paid error yearly home owner insurance premium twice correct company xxxx amount redundancy xxxx xxxx amount xx switched provider rate xxxx high notified boa change month bill due even way call boa new insurance company xxxx boa knew pay xxxx without consent took money escrow paid company wont credit account let alone admit made mistake arrogance ive encountered customer service employee epic called boa numerous time mistake spending many hour phone trying remedy problem one credit fund back account time call get different person different story time told wait sometimes told wait day time day last time xxxxxxxx told wait day supervisor made monthly mortgage payment higher necessary error created shortage escrow significantly increased amount mortage payment due monthly boa refused multiple time new escrow analysis stating cant done xx premium recovered xxxx extremely frustrating one wont credit back fund took error gave xxxx supposedly went far contacting xxxx trying recoup fund asked xxxx return fund may received assured check received cashed canceled policy xxxx representative told call boa request stop check informed already asked denied believe boa given ample time resolve concern afternoon boa still im beginning wonder plan remedy problem help could render would greatly appreciated,Mortgage,Loans
capital one make confusing borrower navigate web portal make monthly payment credit card log one site credit card log site addition electronic notification overwhelming layer cross product selling email garbage consumer becomes desensitized notification billing statement thus become ineffective result end user negatively effected result became overly confused ininadvertently missed xxxx payment xxxx capital one account given onslaught communication difficult actually understand consider responsible savvy individual busy trying provide good life family could negatively impacted anyone isnt devastating event setback another family something similar could end happiness,Credit Reports,Credit Cards
may concern following complaint part affidavit bank abc racially discrimination unfair deceptive abusive act practice breach fiduciary duty breach trust unreasonably depriving right fiduciary agent led believe would working best interest property continued perpetuate belief reality sinister action conducted without knowledge attached either zip file containing xx exhibit file maximum allotted file website support claim made herein support fact consumer engaging right unobstructed support fact fiduciary agent fiduciary institution placed lawful fiduciary notice support fact recorded evidence intentionally lied misled deprived right consumer please examine complaint attached evidence correct agency need file complaint implore forward complaint accompanying exhibit correct agency provide documentation either correct agency looking matter correct agency forwarded complaint correct agency behalf xxxx xxxxxxxx went bank abc branch located xxxx xxxx xxxx xxxx texas xxxx known xxxx xxxx xxxx xxxx greeted xxxx xxxx assistant vice president led office xxxx xxxx xxxx relationship manager business owner specialist wanted open new deposit account bank despite bank previous history xxxx xxxx recorded two interaction agent day two recording forced leave return current utility bill open account even already provided agent two required form identification law permit two form identification three form identification one recording one hour seventeen minute fiftynine second second recording fiftyeight minute twentynine second horrendous encounter entail giving xxxx xxxx permission use private identifying information run background check order account established specified disclosed social security information would used solely determine eligibility opening account heard giving xxxx xxxx permission consent use social security number solely purpose applying credit purpose xxxx xxxx made believe running social security number end transaction live xxxx xxxx xxxx xxxx questioned credit application discovered xxxx xxxx even submitted credit application found xxxxxxxx adverse action declination letter sent bank abc xxxx xxxx credit ran xxxx xxxx purpose opening account never disclosed receive disclosure notice credit would ran purpose specified credit ran without permission transaction didnt receive notification disclosure based produced credit report illegally denied service based credit report generated still baffle left xxxx xxxx xxxx xxxx documentation evidence active existing account also received mail bank abc debit card account prior receipt letter adverse action declination letter encounter xxxx xxxx extremely unprofessional rude genuinely seemed though even want presence became even apparent began asking door posted signage alludes loan officer make loan mortgage loan original mlo tila didnt even want answer question asked tila took several attempt even get answer looking regard tila seemed genuinely frustrated even asking question regarding topic literally ask xxxx xxxx getting upset tried say xxxx honestly cant see asking question protect right protesting abuse consumer right upset forced disclose voluntary information would way shape form considered racially disparaging first encounter xxxx xxxx asked currently employed stated yes currently work part time xxxx xxxx started financial company hope improving current life appears xxxx xxxx purposefully lied placed application andor account unemployed fact found xxxxxxxx another loan officer attempt apply loan near end transaction xxxx xxxx literally left office alone providing required disclosure disclosure required law especially texas department saving mortgage lending disclosure may may govern loan officer went played around phone directly outside office xxxx xxxx xxxxxxxx xxxx xxxx assistant vice president financial solution advisor xxxx xxxx title unknown stated position xxxx likely assistant vice president receive original signed endorsed notary signature copy b along original copy copy signed endorsed notary signature two also received signed original copy copy form oid copy form f well copy receipt showing mailed foregoing instrument xxxx xxxx xxxx ceo bank abc occurred went xxxx xxxx xxxx xxxx day attempt acquire sign four loan instrument completely denied opportunity men fact xxxx xxxx indeed take oid v form f receipt proceeded lead false statement intended act best interest misleading sugar coated venom order leave financial institution idea true machination take place behind scene xxxx xxxx deprive right physically sign four loan agreement violation electronic signature global national commerce act one thing leading believe made aware accepted fiduciary responsibility transaction already reported department treasury internal revenue service amount another breach fiduciary responsibility unscrupulousperfidious breach trust placed xxxx xxxx sickens end trust continued nonchalantly violate even next time physically interacted man rolled xxxx xxxx exceptionally rude condescending throughout entire encounter made several blatant lie attempt make believe bank abc first required consent electronic communication would able allow apply person loan application without first preapproved online know full well pursuant esign act consumer every right refuse application electronically consumer request physically sign loan application bank required provide hard copy application consumer may fill application inspect application liking first time denied ability enforceenjoy basic consumer right bank abc agent xxxxxxxx bank abc fraud department agent placed complete account restriction phone detailing transaction question agent inform needed go bank following day order verify identity never disclosed placed account restriction purpose go bank due account restriction led believe purpose go bank identity verified order transaction attempting make past week finally commence wasnt work attempting make small purchase snack drink discovered card blocked access online accounting restricted found locked account stating note believe account holder subsequent call question notion order even speak representative bank abc need verify every account detail log account mobile app give authorization via app agent bank abc even willing speak assist matter calling done thing fraud department agent xxxx agent prior still find exceptionally hard believe would difficult time believing account holder reason way shape form took go financial center lift restriction even unable process transaction attempting make xxxxxxxx xxxx xxxx title unknown claimed business card available give probably relationship manager rude extremely unprofessional laughing alongside many cohort listed herein came xxxx xxxx xxxx xxxx provide demanded identifying document debit card lift unfair restriction placed attempted several time get either leave financial institution without assistance told ask even task xxxx xxxx xxxx xxxx assigned xxxxxxxx day bank abc completely restricted completely closed account without giving prior notice warning citing notice given contract unilateral contract copy anyone signing signature missing day made several attempt call bank abc first couple attempt discovered putting account information last four digit private social security account number last four digit debit card would automatically routed automated voice recording informing bank closed would reopen mondayfriday hour xxxx xxxx thru xxxx xxxx eastern time however leave information press random prompt able routed agent discovered bank abc without disclosed reason account closed reason closure declared undisclosed risk bank abc enacting right closed account reason without provide notice would mail reason well inform able obtain money conducted investigation closed account mind since account closure process commenced literal week went xxxx xxxx xxxx xxxx physically hand delivered department treasury internal revenue service form f notice concerning fiduciary relationship financial institution omb control number xxxx assistant vice president xxxx xxxx form mailed using delivery service provider xxxx bank abc headquartersceo xxxx xxxx xxxx xxxx tracking number xxxx department treasury internal revenue service tracking number xxxx xxxx clear evidence bank abc agent including ceo direct breach trust maliciously violatingbreaching fiduciary responsibility estate deliberately perfidiously unscrupulous mean caused closure account without benefit beneficiary benefit estate causing actual damage damage xxxx xxxx xxxx xxxx xxxx xxxx xxxx xxxx iv deprivation right v negligence vi misconduct vii actual damage statutory damage relief per statute viii actual damage include ix fund remaining checking account time fiduciary breach around x line credit bank abc xi interest included four loan personal auto home business bank abc already filed accepted department treasury internal revenue service via online filing xii bank abc wholly part made decision deny service based consumer report may may provided consumer reporting agency direct willful violation fair credit reporting act fcra truth lending act tila xiii occurred abcn national entitled full faith credit b legally lawfully seek relief equity relief common law relief maritime jurisdiction relief admiralty jurisdiction via class action federal rule civil procedure rule jury demand ii award compensatory damage jointly severally well severally iii award punitive damage jointly severally well severally iv award treble damage jointly severally well severally court article common law equity jurisdiction apply v award treble damage jointly severally well severally court article admiralty maritime jurisdiction apply equity law vi prejudgment postjudgment interest monetary relief vii cost bringing suit including reasonable attorney fee viii relief plaintiff jointly andor severally may entitled law equity c recorded audio every encounter many agent bank abc thus far receipt proof mailing certified copy library congress substantiate claim may make certificate authentication prove nationality identity sworn subscribed secretary department state united state abc officer authentication bank abc agent xxxx xxxx xxxx xxxx xxxx xxxx xxxx xxxx xxxx xxxx xxxx xxxx xxxx xxxx xxxx including agent xxxx xxxx xxxx xxxx xxxx xxxx xxxx engaged direct willful violation united state code pursuant grammleachbliley act gbla usc et seq real estate settlement procedure act respa usc truthinlending act tila usc et seq equal credit opportunity act ecoa usc et seq fair credit reporting act fcra usc et seq fair accurate credit transaction act fact act also usc et seq electronic signature global national commerce act esign act usc et seq economic growth regulatory relief consumer protection act privacy act usc unfair deceptive abusive act practice act doddfrank act udaap usc generally accepted accounting principle gaap generally accepted auditing standard gaas usc tex fin code ann tex bus com code ann government accounting standard board gasp regulation financial accounting standard board fasb regulation xx bank abc recorded history practicing racially biased racially discriminatory behaviorpoliciesprocedures estate culminating settlement recently received bank year battle bank settlement bank also includes another injured individual faced xxxx xxxx banking practice bank abc state texas throughout entirety united state abc every state abc two settlement agreement numerous occasion speaking bank abc representative made mention settlement bank abc hope preventingcircumventing practice behavior currently taking place right never signed received copy signed document agreed diminishing removing waiving obstruction deprivation destruction property right way shape form signed away right even though bank abc may intend fraudulently demonstrate signed away right would never willingly knowingly sign away right contrary always sign document way reserve right pursuant uniform commercial code cf texas business commerce code right enforce right every chance get ensure feasible way presumed assumed construed misinterpreted interpreted etc ever intentionally unintentionally voluntarily involuntarily knowingly unknowingly purposefully accidentally ever waive right substantive procedural way shape form come attention according title united state code financial institution bank abc required follow gaas regulation fasb regulation gaap regulation yellow book green book gold book according regulation bank abc required follow guideline procedure found statement financing accounting standard fa fa fa fa fa fa established fa guideline would allow bank abc convert whatever established conversion method prescribed currency requested approved united state xxxx treasury nonrepayable loan securitize loan instrument bank abc follow established procedure detailed various federal reserve bank publication detailing convert consumer promissory note loan bank net profit least time face value loan however continuous discriminatory behavior continues persist even settlement representative bank abc upon inquiry tila law decided deny opportunity even apply loan violation esign act breach trust breach fiduciary responsibility altogether caused harm closing account denying ass money aware fact million abcn consumer able engage right report tax information receive fundsitems requested issue hinderance financial institution auto dealer mortgage broker even attorney aware fact us allowing consumer use service purchase product issue inquired tila right informed fiduciary responsibility bank abc decided perfidy unscrupulous indignation continued trespass right racially discriminate causing greatest harm financial institution ever caused notice stare decisis case xxxx xxxx xxxx xxxx xxxx xxxx xxxx xxxxxxxx xxxx xxxx xxxx xxxx xxxx xxxx xxxx xxxx v united state xxxx xxxx xxxx xxxx xxxx xxxx xxxx xxxx xxxx xxxx xxxx xxxx xxxx xxxx xxxx xxxx v united state xxxx xxxx xxxx xxxx xxxx xxxx xxxx xxxx xxxx xxxx xxxx xxxx xxxx xxxx proof impliedinfact contract come express agreement however conduct party government enters contract public contracting officer xxxx xxxx xxxx xxxx xxxx xxxx xxxx xxxx xxxx xxxx xxxx xxxx,CASA,Credit Reports
towards end xxxx husband unexpected health issue caused miss work along several unexpected medical related expense got couple payment behind bank america credit card contacted xxxx see could catch payment told time payment account would reaged contacted xxxx xxxx told must wait xxxx account still reaged end xxxx contacted told would need make monthly payment would reaged today telling continue making time payment xxxx review,Credit Cards,Credit Cards
submitted letter credit bureau xxxxxx delete suspicious information duplicate complaint filed third party filing complaint please see complaint processed letter law think validated account accordance section pursue legal action already included prior complaint xxxx im including bk abc xxxx,Credit Reports,Credit Reports
someone social security number going two year credit trashed thirtytwo hard inquiry xxxx credit report many different creditor tried contact creditor avail tell information match thus able remove inquiry inquires mail stolen countless time credit card stolen bill refund check identifying information much creditor helped,Credit Reports,Credit Reports
account xxxx xxxx xxxx lost job economic downturn xxxx xxxx account delinquent within month two nt make payment except one payment xxxxxxxx xxxx waited xxxxxxxx report credit bureau instead reporting account first went delinquent submitted several dispute online xxxx keep claiming date correct nt unemployed xxxxxxxx xxxx xxxx payment made although scheduled removed credit report late year unfair continuing hurt score get higher rate already deleted credit report,Credit Reports,Credit Reports
xxxxxx applied online xxxx xxxx credit card trying purchase airline ticket credit card promotion convinced apply statement credit xx spent st day companion fare end year xxxx frequent flyer mile received instant approval bank abc xxxx received credit xxxx frequent flyer mile statement credit despite satisfying xx spending requirement bank abc sent required electronic disclosure credit card agreement mention statement credit xxxx xxxx found xxxx xxxx credit card customer experienced exact scenario ive spoken bank abc researching issue ticket xxxx expect written response online complainer got cant find xxxx xxxx promotion indeed filing cfpb complaint listed solution problem upsetting deceptive trade practice aka bait switch either xxxx xxxx b yes want honor advertising promotion want right thing,Credit Cards,Credit Cards
logging bank abc website access checking saving account offered platinum visa card xx welcome bonus filled online application receive declined later received letter mail bank abc stating reason declination inability verify identity stated reason declination background information credit file credit dating back xx year three bureau though credit file somewhat thin report open revolving xxxx installment trade line less xxxx total debt absolutely derogatory information late payment collection account public record credit score xxxx point bank abc stated reason declination name address ssn phone employer three credit report match exactly information gave application none freeze fraud alert xxxx filled application online logging credential assigned bank abc checking saving account ive good standing seventeen year information file account match exactly name address ssn gave application claim cant identify nonsense responded declination letter writing address given letter point month later received reply bank abc honored offer xxxx card xx welcome bonus given truthful legal reason declination addition cost time multiple hard credit file inquiry directly resulting lowered credit score credit file,Credit Cards,Credit Reports
victim identity theft due corona virus pandemic facing sitting still home saw recent news multiple xxxx data breach decided look credit report major credit bureau found someone used identity idea theft took place also knowledge suspect receive money good service result identity theft contacted credit bureau told file identity theft report appreciate effort getting matter resolved thank please let know need information block information credit report thank,Credit Reports,Credit Reports
trouble banking xxxx ca banked almost every bank xxxx ca xxxx xxxx abcn xxxx woman problem since began banking xxxx ca ask sister become poa help ever since keep dime bank dont even receive banking statement anymore complained bank still received anything bank contacted bank still received assistance barely keep money bank really need help get help anywhere pretty much given help straighten please,CASA,CASA
bank abc repeatedly time attempted open fraudulent line credit name contacted told issue identity theft filed complaint response tell keep credit report frozen three bureau nothing address issue attempt hard hit credit thankfully fraud warning attempt get rejected still address time attempt open account,Credit Reports,Credit Reports
equifax continued verify information credit file without validation several occasion cerified mail disputed unauthorized credit inquires company ask pull credit several account file reporting accurately xxxx xxxx account owe account tax lien judgment telling verified county court clerk evensend information credit bureau info reporting incorrectly well another account xxxx nver account xxxx asked proof signature verifying account,Credit Reports,Credit Reports
contacted xxxx told reporting wrong information credit report,Credit Reports,Credit Reports
paying charged mortgage debt several year bank abc recovery division complaint never receive statement payment balance never year paid sent statement sending boa xxxx per week bank bill pay service called check balance boa xxxx cant account around xxxx payment transferred bank cleared payment called bank xxxx xxxx xxxx xxxx told payment cleared check cashed boa yet call boa ask payment made cleared bank cant give information happened payment cant give check number payment payment sent bank xxxx xxxx xxxx xxxx via checkdraft really information except werent applied account seems unlawful pay debt several year receive type accounting statement formal accounting money help,Loans,Mortgage
someone use debt card another state fraudulently filed dispute sent via company guideline email dispute department xxxx xxxx xxxx told would get provisional credit finished investigation xxxx xxxx xxxx yet get credit manner account money buy food pay bill accrued addition late fee bill amount total delay breach contract,CASA,Credit Cards
would like report recent experience refinancing loan help xxxx xxxx xxxx id xxxx caused enormous agony wasted lot time appraisal cost opportunity gain refinancing earlier started refinance sometime xxxxxx submitted competing offer match promised offer matched term estimated cash close provided loan disclosure always told happen closing bofa big trusted bank choose believe however xxxx many call follow finally got closing disclosure promised beyond office dishonestly tried sell better offer cash close lower pointed two different thing given inconsistent reasoning xxxx competing offer hadnt gone underwriting requirement anywhere even bofa mentioned subsequent mail lender agreed fair offer xxxx next reason price best bofa point ok time effort invested mislead beyond could accept canceled application since new company within two week closing disclosure match original term requested,Mortgage,Loans
lord taylor credit card credit limit xxxx reduced limit decline credit score nt used card since decline decline bill paid time recently received bill card nt used someone made fraudulent purchase card filed dispute directly creditor date received update recently pulled credit report unpaid balance closed account without knowledge,Credit Cards,Credit Cards
credit card xxxx xxxx xxxx xxxx xxxx charged payment arrangement xxxx keep getting letter xxxx xxxx xxxx xxxx tried contact xxxx xxxx xxxx letting know taking care xxxx xxxx still keep sending letter even faxed copy letter reveived xxxx xxxx xxxx stop also fedup please help attached copy letter xxxx xxxx,Credit Cards,Credit Cards
fell behind student loan due sudden unavoidable debt resulting vehicle repair xxxx xxxx result fell behind loan day point paying ontime every single month xxxxmonth began communication navient provided little assistance told payment must made would grant hardship forbearance would let lower loan payment result situation begun reporting negatively credit also raised monthly payment loan xxxxmonth make xxxxyear expect make payment xxxxmonth still support need get work eat pay gas could never afford rent mortgage kind monthly payment called nearly dozen time absolutely work way nt know else,Loans,Loans
bank abc sent email friday xxxxxx stating application process application sumitted xxxxxx saving account contact bank abc apply new saving account representative spoke stated person entire social security number person cell ended xxxx,CASA,CASA
received alert credit monitoring service check credit report credit report showing account opened behalf xxxx xxxx date unknown referred collection agency service xxxxxxxx outstanding balance collection agency name amsher collection service xxxx xxxx xxxx xxxx xxxx xxxx al xxxx xxxx collection agency account number xxxx collection agency referred law firm called xxxx xxxx xxxx phone number xxxx xxxx record opening business corporate account name s,Loans,Credit Reports
everyday banking bank abc back xxxx set automatic monthly wire transfer pay rent usd xxxx landlord moved xxxxxxxx cancelled automatic monthly wire transfer xxxxxxxx received text message landlord informing unexpectedly received usd xxxx logged onto bank abc account confirmed money indeed withdrawn account went page one set automatic wire transfer found surprise monthly wire transfer cancelled back hadnt cancelled know fact id succeeded cancelling money withdrawn xxxx xxxx contacted bank abc didnt help retrieve money didnt even acknowledge system malfunctioned simply instructed cancel automatic wire transfer coordinate recipient recover money im paranoid happen hunch reverted system back back wire transfer cancelled yet,CASA,Mortgage
compared experian report friend mine u collection experian file compared xxxx file collection scheduled come year date collection mine scheduled come ten year date collection lot collection negative information credit file experian credit score higher mine difference xxxx u xxxx year old xxxx female xxxx year old xxxx female fair collection account scheduled come year date reported mine year example collection account reported xxxx scheduled remain credit file xxxx also collection file reported xxxx scheduled remain credit file xxxx copy report collection account similar discrepancy difference unpaid collection account scheduled removed lot quicker mine xxxx collection account creditor xxxx xxxx bank scenario far negative information scheduled removed understanding difference removal time understanding negative information remain file amount time regardless consumer seems though may difference based discrimination copy report send difference highlighted necessary want know difference negative information stay lot longer credit file making harder repair credit raise credit score another person similar situation mine difference xxxx u xxxx female xxxx year older hard copy credit report plan mailing investigator assigned complaint soon hear response bureau would like know difference consumer longer waiting time negative information removed others thank,Credit Reports,Credit Reports
someone tried open bank abc credit card name using correct social security number bank abc called confirm tried open new account told bank bank abc gave email phone number individual trying impersonate open credit card name individual tried fraud bank abc using identity following email phone number please try apprehend individual xxxx phone xxxx thank,Credit Cards,Credit Cards
use credit card atm card associated bank abc outside state north carolina outside city xxxx decline use card consider fraud contacted explained either ordering something online making subscription purchase already declined purchase seems sensitive computer assigned account seem get removed going year basically denying access fund allowing spend money credit card access fund associated atm card checking account every time block atm card,CASA,Credit Cards
